id,user_id,created_at
1,efb92c5a-a65a-4ce4-8e66-f1c3b48049d3,2023-05-21
2,1664a92b-6a53-43c0-88e0-aef242e54c73,2023-12-11
3,efb92c5a-a65a-4ce4-8e66-f1c3b48049d3,2023-01-24
4,1664a92b-6a53-43c0-88e0-aef242e54c73,2023-05-20
5,efb92c5a-a65a-4ce4-8e66-f1c3b48049d3,2023-06-18
6,efb92c5a-a65a-4ce4-8e66-f1c3b48049d3,2023-12-12
7,efb92c5a-a65a-4ce4-8e66-f1c3b48049d3,2023-08-04
8,1664a92b-6a53-43c0-88e0-aef242e54c73,2023-07-16
9,80862ed3-5024-46e6-b7ac-0d5435046a15,2023-08-15
10,80862ed3-5024-46e6-b7ac-0d5435046a15,2023-04-23
11,80862ed3-5024-46e6-b7ac-0d5435046a15,2023-10-05
12,80862ed3-5024-46e6-b7ac-0d5435046a15,2023-04-26
13,80862ed3-5024-46e6-b7ac-0d5435046a15,2023-04-20
14,80862ed3-5024-46e6-b7ac-0d5435046a15,2023-07-27
15,efb92c5a-a65a-4ce4-8e66-f1c3b48049d3,2023-04-21
16,1664a92b-6a53-43c0-88e0-aef242e54c73,2023-12-17
17,1664a92b-6a53-43c0-88e0-aef242e54c73,2023-01-14
18,efb92c5a-a65a-4ce4-8e66-f1c3b48049d3,2023-02-21
19,1664a92b-6a53-43c0-88e0-aef242e54c73,2023-09-08
20,1664a92b-6a53-43c0-88e0-aef242e54c73,2023-07-28
21,1664a92b-6a53-43c0-88e0-aef242e54c73,2023-09-02
22,80862ed3-5024-46e6-b7ac-0d5435046a15,2023-10-15
23,1664a92b-6a53-43c0-88e0-aef242e54c73,2023-10-26
24,1664a92b-6a53-43c0-88e0-aef242e54c73,2023-08-04
25,efb92c5a-a65a-4ce4-8e66-f1c3b48049d3,2023-01-27
26,1664a92b-6a53-43c0-88e0-aef242e54c73,2023-05-13
27,80862ed3-5024-46e6-b7ac-0d5435046a15,2023-08-31
28,1664a92b-6a53-43c0-88e0-aef242e54c73,2023-11-11
29,1664a92b-6a53-43c0-88e0-aef242e54c73,2023-11-28
30,1664a92b-6a53-43c0-88e0-aef242e54c73,2023-10-28
31,1664a92b-6a53-43c0-88e0-aef242e54c73,2023-05-03
32,efb92c5a-a65a-4ce4-8e66-f1c3b48049d3,2023-08-28
33,efb92c5a-a65a-4ce4-8e66-f1c3b48049d3,2023-08-06
34,80862ed3-5024-46e6-b7ac-0d5435046a15,2023-07-22
35,efb92c5a-a65a-4ce4-8e66-f1c3b48049d3,2023-03-24
36,80862ed3-5024-46e6-b7ac-0d5435046a15,2023-04-29
37,1664a92b-6a53-43c0-88e0-aef242e54c73,2023-10-27
38,efb92c5a-a65a-4ce4-8e66-f1c3b48049d3,2023-04-13
39,1664a92b-6a53-43c0-88e0-aef242e54c73,2023-12-20
40,efb92c5a-a65a-4ce4-8e66-f1c3b48049d3,2023-08-12
41,80862ed3-5024-46e6-b7ac-0d5435046a15,2023-11-19
42,1664a92b-6a53-43c0-88e0-aef242e54c73,2023-06-23
43,1664a92b-6a53-43c0-88e0-aef242e54c73,2023-01-22
44,80862ed3-5024-46e6-b7ac-0d5435046a15,2023-02-11
45,efb92c5a-a65a-4ce4-8e66-f1c3b48049d3,2023-04-27
46,1664a92b-6a53-43c0-88e0-aef242e54c73,2023-09-15
47,80862ed3-5024-46e6-b7ac-0d5435046a15,2023-04-28
48,efb92c5a-a65a-4ce4-8e66-f1c3b48049d3,2023-08-30
49,1664a92b-6a53-43c0-88e0-aef242e54c73,2023-06-06
50,80862ed3-5024-46e6-b7ac-0d5435046a15,2023-01-20
51,1664a92b-6a53-43c0-88e0-aef242e54c73,2023-08-20
52,1664a92b-6a53-43c0-88e0-aef242e54c73,2023-02-25
53,80862ed3-5024-46e6-b7ac-0d5435046a15,2023-03-04
54,efb92c5a-a65a-4ce4-8e66-f1c3b48049d3,2023-05-06
55,1664a92b-6a53-43c0-88e0-aef242e54c73,2023-10-05
56,efb92c5a-a65a-4ce4-8e66-f1c3b48049d3,2023-07-17
57,80862ed3-5024-46e6-b7ac-0d5435046a15,2023-03-12
58,80862ed3-5024-46e6-b7ac-0d5435046a15,2023-10-14
59,efb92c5a-a65a-4ce4-8e66-f1c3b48049d3,2023-03-27
60,1664a92b-6a53-43c0-88e0-aef242e54c73,2023-06-29
61,efb92c5a-a65a-4ce4-8e66-f1c3b48049d3,2024-01-01
62,80862ed3-5024-46e6-b7ac-0d5435046a15,2023-06-22
63,1664a92b-6a53-43c0-88e0-aef242e54c73,2023-09-18
64,80862ed3-5024-46e6-b7ac-0d5435046a15,2023-12-19
65,1664a92b-6a53-43c0-88e0-aef242e54c73,2023-09-28
66,80862ed3-5024-46e6-b7ac-0d5435046a15,2023-08-12
67,80862ed3-5024-46e6-b7ac-0d5435046a15,2023-01-12
68,80862ed3-5024-46e6-b7ac-0d5435046a15,2023-07-28
69,80862ed3-5024-46e6-b7ac-0d5435046a15,2023-02-11
70,1664a92b-6a53-43c0-88e0-aef242e54c73,2023-12-20
71,80862ed3-5024-46e6-b7ac-0d5435046a15,2023-07-28
72,80862ed3-5024-46e6-b7ac-0d5435046a15,2023-09-14
73,efb92c5a-a65a-4ce4-8e66-f1c3b48049d3,2023-07-22
74,efb92c5a-a65a-4ce4-8e66-f1c3b48049d3,2023-08-18
75,efb92c5a-a65a-4ce4-8e66-f1c3b48049d3,2023-12-11
76,efb92c5a-a65a-4ce4-8e66-f1c3b48049d3,2023-12-25
77,1664a92b-6a53-43c0-88e0-aef242e54c73,2023-03-08
78,80862ed3-5024-46e6-b7ac-0d5435046a15,2023-03-31
79,efb92c5a-a65a-4ce4-8e66-f1c3b48049d3,2023-03-25
80,80862ed3-5024-46e6-b7ac-0d5435046a15,2023-11-28
81,80862ed3-5024-46e6-b7ac-0d5435046a15,2023-06-20
82,efb92c5a-a65a-4ce4-8e66-f1c3b48049d3,2023-01-11
83,efb92c5a-a65a-4ce4-8e66-f1c3b48049d3,2023-06-06
84,1664a92b-6a53-43c0-88e0-aef242e54c73,2023-09-08
85,80862ed3-5024-46e6-b7ac-0d5435046a15,2023-02-09
86,80862ed3-5024-46e6-b7ac-0d5435046a15,2023-12-27
87,efb92c5a-a65a-4ce4-8e66-f1c3b48049d3,2023-01-28
88,efb92c5a-a65a-4ce4-8e66-f1c3b48049d3,2023-12-24
89,1664a92b-6a53-43c0-88e0-aef242e54c73,2023-11-08
90,80862ed3-5024-46e6-b7ac-0d5435046a15,2023-03-13
91,1664a92b-6a53-43c0-88e0-aef242e54c73,2023-10-16
92,1664a92b-6a53-43c0-88e0-aef242e54c73,2023-06-07
93,1664a92b-6a53-43c0-88e0-aef242e54c73,2023-10-22
94,efb92c5a-a65a-4ce4-8e66-f1c3b48049d3,2023-03-20
95,efb92c5a-a65a-4ce4-8e66-f1c3b48049d3,2023-06-13
96,80862ed3-5024-46e6-b7ac-0d5435046a15,2023-10-17
97,efb92c5a-a65a-4ce4-8e66-f1c3b48049d3,2023-01-07
98,80862ed3-5024-46e6-b7ac-0d5435046a15,2023-01-11
99,1664a92b-6a53-43c0-88e0-aef242e54c73,2023-01-27
100,80862ed3-5024-46e6-b7ac-0d5435046a15,2023-04-17
101,1664a92b-6a53-43c0-88e0-aef242e54c73,2023-05-26
102,1664a92b-6a53-43c0-88e0-aef242e54c73,2023-03-08
103,80862ed3-5024-46e6-b7ac-0d5435046a15,2023-08-10
104,1664a92b-6a53-43c0-88e0-aef242e54c73,2023-06-26
105,efb92c5a-a65a-4ce4-8e66-f1c3b48049d3,2023-05-06
106,1664a92b-6a53-43c0-88e0-aef242e54c73,2023-08-17
107,1664a92b-6a53-43c0-88e0-aef242e54c73,2023-09-20
108,80862ed3-5024-46e6-b7ac-0d5435046a15,2023-02-27
109,efb92c5a-a65a-4ce4-8e66-f1c3b48049d3,2023-06-18
110,efb92c5a-a65a-4ce4-8e66-f1c3b48049d3,2023-07-07
111,80862ed3-5024-46e6-b7ac-0d5435046a15,2023-08-01
112,80862ed3-5024-46e6-b7ac-0d5435046a15,2023-12-28
113,efb92c5a-a65a-4ce4-8e66-f1c3b48049d3,2023-10-21
114,efb92c5a-a65a-4ce4-8e66-f1c3b48049d3,2023-09-12
115,80862ed3-5024-46e6-b7ac-0d5435046a15,2023-05-16
116,efb92c5a-a65a-4ce4-8e66-f1c3b48049d3,2023-05-12
117,80862ed3-5024-46e6-b7ac-0d5435046a15,2023-11-28
118,1664a92b-6a53-43c0-88e0-aef242e54c73,2023-05-13
119,80862ed3-5024-46e6-b7ac-0d5435046a15,2023-08-02
120,efb92c5a-a65a-4ce4-8e66-f1c3b48049d3,2023-08-25
121,1664a92b-6a53-43c0-88e0-aef242e54c73,2023-01-23
122,80862ed3-5024-46e6-b7ac-0d5435046a15,2023-08-16
123,80862ed3-5024-46e6-b7ac-0d5435046a15,2023-06-15
124,1664a92b-6a53-43c0-88e0-aef242e54c73,2023-03-09
125,80862ed3-5024-46e6-b7ac-0d5435046a15,2023-12-07
126,1664a92b-6a53-43c0-88e0-aef242e54c73,2023-08-29
127,1664a92b-6a53-43c0-88e0-aef242e54c73,2023-05-23
128,efb92c5a-a65a-4ce4-8e66-f1c3b48049d3,2023-03-07
129,80862ed3-5024-46e6-b7ac-0d5435046a15,2023-04-24
130,efb92c5a-a65a-4ce4-8e66-f1c3b48049d3,2023-04-30
131,efb92c5a-a65a-4ce4-8e66-f1c3b48049d3,2023-02-11
132,80862ed3-5024-46e6-b7ac-0d5435046a15,2023-05-15
133,80862ed3-5024-46e6-b7ac-0d5435046a15,2023-10-07
134,80862ed3-5024-46e6-b7ac-0d5435046a15,2023-03-20
135,1664a92b-6a53-43c0-88e0-aef242e54c73,2023-05-01
136,1664a92b-6a53-43c0-88e0-aef242e54c73,2023-05-18
137,1664a92b-6a53-43c0-88e0-aef242e54c73,2023-06-26
138,1664a92b-6a53-43c0-88e0-aef242e54c73,2023-05-06
139,1664a92b-6a53-43c0-88e0-aef242e54c73,2023-05-22
140,efb92c5a-a65a-4ce4-8e66-f1c3b48049d3,2023-03-04
141,efb92c5a-a65a-4ce4-8e66-f1c3b48049d3,2023-10-11
142,1664a92b-6a53-43c0-88e0-aef242e54c73,2023-10-14
143,1664a92b-6a53-43c0-88e0-aef242e54c73,2023-02-19
144,1664a92b-6a53-43c0-88e0-aef242e54c73,2023-11-05
145,efb92c5a-a65a-4ce4-8e66-f1c3b48049d3,2023-07-09
146,efb92c5a-a65a-4ce4-8e66-f1c3b48049d3,2023-10-11
147,80862ed3-5024-46e6-b7ac-0d5435046a15,2023-01-08
148,1664a92b-6a53-43c0-88e0-aef242e54c73,2023-09-05
149,1664a92b-6a53-43c0-88e0-aef242e54c73,2023-07-06
150,80862ed3-5024-46e6-b7ac-0d5435046a15,2023-05-28
151,efb92c5a-a65a-4ce4-8e66-f1c3b48049d3,2023-06-08
152,80862ed3-5024-46e6-b7ac-0d5435046a15,2023-07-30
153,efb92c5a-a65a-4ce4-8e66-f1c3b48049d3,2023-10-07
154,efb92c5a-a65a-4ce4-8e66-f1c3b48049d3,2023-09-11
155,1664a92b-6a53-43c0-88e0-aef242e54c73,2023-02-05
156,1664a92b-6a53-43c0-88e0-aef242e54c73,2023-09-08
157,1664a92b-6a53-43c0-88e0-aef242e54c73,2023-10-27
158,1664a92b-6a53-43c0-88e0-aef242e54c73,2023-07-21
159,1664a92b-6a53-43c0-88e0-aef242e54c73,2023-08-28
160,efb92c5a-a65a-4ce4-8e66-f1c3b48049d3,2023-02-19
161,80862ed3-5024-46e6-b7ac-0d5435046a15,2023-09-12
162,1664a92b-6a53-43c0-88e0-aef242e54c73,2023-01-13
163,efb92c5a-a65a-4ce4-8e66-f1c3b48049d3,2023-01-11
164,1664a92b-6a53-43c0-88e0-aef242e54c73,2023-06-15
165,1664a92b-6a53-43c0-88e0-aef242e54c73,2023-07-17
166,efb92c5a-a65a-4ce4-8e66-f1c3b48049d3,2023-07-21
167,efb92c5a-a65a-4ce4-8e66-f1c3b48049d3,2023-11-12
168,1664a92b-6a53-43c0-88e0-aef242e54c73,2023-11-14
169,efb92c5a-a65a-4ce4-8e66-f1c3b48049d3,2023-07-10
170,efb92c5a-a65a-4ce4-8e66-f1c3b48049d3,2023-03-14
171,80862ed3-5024-46e6-b7ac-0d5435046a15,2023-02-04
172,1664a92b-6a53-43c0-88e0-aef242e54c73,2023-12-13
173,80862ed3-5024-46e6-b7ac-0d5435046a15,2023-07-21
174,1664a92b-6a53-43c0-88e0-aef242e54c73,2023-04-05
175,1664a92b-6a53-43c0-88e0-aef242e54c73,2023-02-06
176,efb92c5a-a65a-4ce4-8e66-f1c3b48049d3,2023-09-05
177,80862ed3-5024-46e6-b7ac-0d5435046a15,2023-08-06
178,1664a92b-6a53-43c0-88e0-aef242e54c73,2023-08-30
179,1664a92b-6a53-43c0-88e0-aef242e54c73,2023-12-19
180,1664a92b-6a53-43c0-88e0-aef242e54c73,2023-09-10
181,80862ed3-5024-46e6-b7ac-0d5435046a15,2023-01-13
182,efb92c5a-a65a-4ce4-8e66-f1c3b48049d3,2023-07-24
183,efb92c5a-a65a-4ce4-8e66-f1c3b48049d3,2023-01-29
184,80862ed3-5024-46e6-b7ac-0d5435046a15,2023-09-11
185,1664a92b-6a53-43c0-88e0-aef242e54c73,2023-05-01
186,1664a92b-6a53-43c0-88e0-aef242e54c73,2024-01-01
187,1664a92b-6a53-43c0-88e0-aef242e54c73,2023-07-23
188,1664a92b-6a53-43c0-88e0-aef242e54c73,2023-08-22
189,efb92c5a-a65a-4ce4-8e66-f1c3b48049d3,2023-04-29
190,1664a92b-6a53-43c0-88e0-aef242e54c73,2023-01-23
191,80862ed3-5024-46e6-b7ac-0d5435046a15,2023-12-17
192,80862ed3-5024-46e6-b7ac-0d5435046a15,2023-09-19
193,efb92c5a-a65a-4ce4-8e66-f1c3b48049d3,2023-01-04
194,1664a92b-6a53-43c0-88e0-aef242e54c73,2023-11-17
195,efb92c5a-a65a-4ce4-8e66-f1c3b48049d3,2023-03-02
196,efb92c5a-a65a-4ce4-8e66-f1c3b48049d3,2023-06-15
197,1664a92b-6a53-43c0-88e0-aef242e54c73,2023-12-27
198,1664a92b-6a53-43c0-88e0-aef242e54c73,2023-06-21
199,1664a92b-6a53-43c0-88e0-aef242e54c73,2023-09-20
200,1664a92b-6a53-43c0-88e0-aef242e54c73,2023-05-04
201,80862ed3-5024-46e6-b7ac-0d5435046a15,2023-06-13
202,1664a92b-6a53-43c0-88e0-aef242e54c73,2023-07-19
203,efb92c5a-a65a-4ce4-8e66-f1c3b48049d3,2023-03-17
204,80862ed3-5024-46e6-b7ac-0d5435046a15,2023-01-05
205,80862ed3-5024-46e6-b7ac-0d5435046a15,2023-03-12
206,80862ed3-5024-46e6-b7ac-0d5435046a15,2023-03-16
207,1664a92b-6a53-43c0-88e0-aef242e54c73,2023-01-13
208,1664a92b-6a53-43c0-88e0-aef242e54c73,2023-06-09
209,efb92c5a-a65a-4ce4-8e66-f1c3b48049d3,2023-09-04
210,efb92c5a-a65a-4ce4-8e66-f1c3b48049d3,2023-04-27
211,1664a92b-6a53-43c0-88e0-aef242e54c73,2023-10-12
212,1664a92b-6a53-43c0-88e0-aef242e54c73,2023-06-03
213,80862ed3-5024-46e6-b7ac-0d5435046a15,2023-12-06
214,80862ed3-5024-46e6-b7ac-0d5435046a15,2023-02-06
215,efb92c5a-a65a-4ce4-8e66-f1c3b48049d3,2023-04-06
216,80862ed3-5024-46e6-b7ac-0d5435046a15,2023-10-07
217,efb92c5a-a65a-4ce4-8e66-f1c3b48049d3,2023-12-01
218,80862ed3-5024-46e6-b7ac-0d5435046a15,2023-05-01
219,efb92c5a-a65a-4ce4-8e66-f1c3b48049d3,2023-10-29
220,80862ed3-5024-46e6-b7ac-0d5435046a15,2024-01-01
221,80862ed3-5024-46e6-b7ac-0d5435046a15,2023-10-15
222,efb92c5a-a65a-4ce4-8e66-f1c3b48049d3,2023-05-25
223,1664a92b-6a53-43c0-88e0-aef242e54c73,2023-03-05
224,efb92c5a-a65a-4ce4-8e66-f1c3b48049d3,2023-04-09
225,80862ed3-5024-46e6-b7ac-0d5435046a15,2023-07-20
226,1664a92b-6a53-43c0-88e0-aef242e54c73,2023-09-02
227,efb92c5a-a65a-4ce4-8e66-f1c3b48049d3,2023-07-05
228,80862ed3-5024-46e6-b7ac-0d5435046a15,2023-05-25
229,80862ed3-5024-46e6-b7ac-0d5435046a15,2023-03-13
230,80862ed3-5024-46e6-b7ac-0d5435046a15,2023-11-18
231,1664a92b-6a53-43c0-88e0-aef242e54c73,2023-04-27
232,efb92c5a-a65a-4ce4-8e66-f1c3b48049d3,2023-11-18
233,1664a92b-6a53-43c0-88e0-aef242e54c73,2023-01-12
234,1664a92b-6a53-43c0-88e0-aef242e54c73,2023-08-03
235,1664a92b-6a53-43c0-88e0-aef242e54c73,2023-03-27
236,80862ed3-5024-46e6-b7ac-0d5435046a15,2023-09-18
237,80862ed3-5024-46e6-b7ac-0d5435046a15,2023-04-29
238,efb92c5a-a65a-4ce4-8e66-f1c3b48049d3,2023-05-14
239,1664a92b-6a53-43c0-88e0-aef242e54c73,2023-09-15
240,80862ed3-5024-46e6-b7ac-0d5435046a15,2023-05-04
241,80862ed3-5024-46e6-b7ac-0d5435046a15,2023-08-20
242,80862ed3-5024-46e6-b7ac-0d5435046a15,2023-03-20
243,efb92c5a-a65a-4ce4-8e66-f1c3b48049d3,2023-09-10
244,1664a92b-6a53-43c0-88e0-aef242e54c73,2023-11-10
245,80862ed3-5024-46e6-b7ac-0d5435046a15,2023-07-11
246,1664a92b-6a53-43c0-88e0-aef242e54c73,2023-11-03
247,efb92c5a-a65a-4ce4-8e66-f1c3b48049d3,2023-07-19
248,efb92c5a-a65a-4ce4-8e66-f1c3b48049d3,2023-10-06
249,efb92c5a-a65a-4ce4-8e66-f1c3b48049d3,2023-07-26
250,80862ed3-5024-46e6-b7ac-0d5435046a15,2023-02-27
251,1664a92b-6a53-43c0-88e0-aef242e54c73,2023-03-19
252,1664a92b-6a53-43c0-88e0-aef242e54c73,2023-03-08
253,1664a92b-6a53-43c0-88e0-aef242e54c73,2023-02-16
254,1664a92b-6a53-43c0-88e0-aef242e54c73,2023-01-07
255,1664a92b-6a53-43c0-88e0-aef242e54c73,2023-10-24
256,1664a92b-6a53-43c0-88e0-aef242e54c73,2023-09-17
257,efb92c5a-a65a-4ce4-8e66-f1c3b48049d3,2023-09-05
258,80862ed3-5024-46e6-b7ac-0d5435046a15,2023-07-15
259,efb92c5a-a65a-4ce4-8e66-f1c3b48049d3,2023-11-13
260,efb92c5a-a65a-4ce4-8e66-f1c3b48049d3,2023-05-11
261,80862ed3-5024-46e6-b7ac-0d5435046a15,2023-11-12
262,80862ed3-5024-46e6-b7ac-0d5435046a15,2023-06-17
263,1664a92b-6a53-43c0-88e0-aef242e54c73,2023-04-13
264,1664a92b-6a53-43c0-88e0-aef242e54c73,2023-08-10
265,80862ed3-5024-46e6-b7ac-0d5435046a15,2023-03-10
266,1664a92b-6a53-43c0-88e0-aef242e54c73,2023-05-31
267,efb92c5a-a65a-4ce4-8e66-f1c3b48049d3,2023-12-06
268,1664a92b-6a53-43c0-88e0-aef242e54c73,2023-06-29
269,efb92c5a-a65a-4ce4-8e66-f1c3b48049d3,2023-12-27
270,1664a92b-6a53-43c0-88e0-aef242e54c73,2023-11-16
271,1664a92b-6a53-43c0-88e0-aef242e54c73,2023-05-20
272,80862ed3-5024-46e6-b7ac-0d5435046a15,2023-04-28
273,efb92c5a-a65a-4ce4-8e66-f1c3b48049d3,2023-05-27
274,efb92c5a-a65a-4ce4-8e66-f1c3b48049d3,2023-03-08
275,1664a92b-6a53-43c0-88e0-aef242e54c73,2023-10-07
276,80862ed3-5024-46e6-b7ac-0d5435046a15,2023-08-08
277,80862ed3-5024-46e6-b7ac-0d5435046a15,2023-04-18
278,1664a92b-6a53-43c0-88e0-aef242e54c73,2023-01-25
279,efb92c5a-a65a-4ce4-8e66-f1c3b48049d3,2023-12-25
280,efb92c5a-a65a-4ce4-8e66-f1c3b48049d3,2023-01-23
281,80862ed3-5024-46e6-b7ac-0d5435046a15,2023-04-26
282,1664a92b-6a53-43c0-88e0-aef242e54c73,2023-06-15
283,efb92c5a-a65a-4ce4-8e66-f1c3b48049d3,2023-09-06
284,efb92c5a-a65a-4ce4-8e66-f1c3b48049d3,2023-10-21
285,efb92c5a-a65a-4ce4-8e66-f1c3b48049d3,2023-03-31
286,1664a92b-6a53-43c0-88e0-aef242e54c73,2023-09-27
287,1664a92b-6a53-43c0-88e0-aef242e54c73,2023-07-13
288,efb92c5a-a65a-4ce4-8e66-f1c3b48049d3,2023-11-20
289,80862ed3-5024-46e6-b7ac-0d5435046a15,2023-03-29
290,80862ed3-5024-46e6-b7ac-0d5435046a15,2023-11-19
291,1664a92b-6a53-43c0-88e0-aef242e54c73,2023-08-25
292,80862ed3-5024-46e6-b7ac-0d5435046a15,2023-10-06
293,80862ed3-5024-46e6-b7ac-0d5435046a15,2023-11-17
294,efb92c5a-a65a-4ce4-8e66-f1c3b48049d3,2023-11-21
295,efb92c5a-a65a-4ce4-8e66-f1c3b48049d3,2023-11-29
296,efb92c5a-a65a-4ce4-8e66-f1c3b48049d3,2023-01-06
297,1664a92b-6a53-43c0-88e0-aef242e54c73,2023-12-31
298,efb92c5a-a65a-4ce4-8e66-f1c3b48049d3,2023-04-30
299,80862ed3-5024-46e6-b7ac-0d5435046a15,2023-10-31
300,1664a92b-6a53-43c0-88e0-aef242e54c73,2023-02-14
301,80862ed3-5024-46e6-b7ac-0d5435046a15,2023-09-08
302,80862ed3-5024-46e6-b7ac-0d5435046a15,2023-07-08
303,efb92c5a-a65a-4ce4-8e66-f1c3b48049d3,2023-04-17
304,efb92c5a-a65a-4ce4-8e66-f1c3b48049d3,2023-10-10
305,efb92c5a-a65a-4ce4-8e66-f1c3b48049d3,2023-01-17
306,efb92c5a-a65a-4ce4-8e66-f1c3b48049d3,2023-08-28
307,1664a92b-6a53-43c0-88e0-aef242e54c73,2023-03-30
308,1664a92b-6a53-43c0-88e0-aef242e54c73,2023-10-22
309,efb92c5a-a65a-4ce4-8e66-f1c3b48049d3,2023-02-04
310,1664a92b-6a53-43c0-88e0-aef242e54c73,2023-10-02
311,efb92c5a-a65a-4ce4-8e66-f1c3b48049d3,2023-09-30
312,efb92c5a-a65a-4ce4-8e66-f1c3b48049d3,2023-11-06
313,efb92c5a-a65a-4ce4-8e66-f1c3b48049d3,2023-07-21
314,80862ed3-5024-46e6-b7ac-0d5435046a15,2023-01-26
315,80862ed3-5024-46e6-b7ac-0d5435046a15,2023-08-27
316,80862ed3-5024-46e6-b7ac-0d5435046a15,2023-11-26
317,efb92c5a-a65a-4ce4-8e66-f1c3b48049d3,2023-11-14
318,80862ed3-5024-46e6-b7ac-0d5435046a15,2023-06-29
319,80862ed3-5024-46e6-b7ac-0d5435046a15,2023-11-05
320,80862ed3-5024-46e6-b7ac-0d5435046a15,2023-03-09
321,1664a92b-6a53-43c0-88e0-aef242e54c73,2023-07-14
322,efb92c5a-a65a-4ce4-8e66-f1c3b48049d3,2023-12-27
323,efb92c5a-a65a-4ce4-8e66-f1c3b48049d3,2023-09-01
324,80862ed3-5024-46e6-b7ac-0d5435046a15,2023-04-17
325,efb92c5a-a65a-4ce4-8e66-f1c3b48049d3,2023-10-27
326,1664a92b-6a53-43c0-88e0-aef242e54c73,2023-08-06
327,1664a92b-6a53-43c0-88e0-aef242e54c73,2023-08-03
328,1664a92b-6a53-43c0-88e0-aef242e54c73,2023-05-03
329,efb92c5a-a65a-4ce4-8e66-f1c3b48049d3,2023-04-05
330,efb92c5a-a65a-4ce4-8e66-f1c3b48049d3,2023-11-17
331,efb92c5a-a65a-4ce4-8e66-f1c3b48049d3,2023-07-14
332,efb92c5a-a65a-4ce4-8e66-f1c3b48049d3,2023-02-16
333,efb92c5a-a65a-4ce4-8e66-f1c3b48049d3,2023-02-22
334,80862ed3-5024-46e6-b7ac-0d5435046a15,2023-07-13
335,80862ed3-5024-46e6-b7ac-0d5435046a15,2023-11-27
336,80862ed3-5024-46e6-b7ac-0d5435046a15,2023-12-21
337,80862ed3-5024-46e6-b7ac-0d5435046a15,2023-06-09
338,80862ed3-5024-46e6-b7ac-0d5435046a15,2023-08-20
339,1664a92b-6a53-43c0-88e0-aef242e54c73,2023-08-03
340,1664a92b-6a53-43c0-88e0-aef242e54c73,2023-08-08
341,1664a92b-6a53-43c0-88e0-aef242e54c73,2023-02-26
342,80862ed3-5024-46e6-b7ac-0d5435046a15,2023-07-10
343,efb92c5a-a65a-4ce4-8e66-f1c3b48049d3,2023-07-03
344,80862ed3-5024-46e6-b7ac-0d5435046a15,2023-04-14
345,80862ed3-5024-46e6-b7ac-0d5435046a15,2023-09-21
346,80862ed3-5024-46e6-b7ac-0d5435046a15,2023-12-28
347,efb92c5a-a65a-4ce4-8e66-f1c3b48049d3,2023-05-31
348,80862ed3-5024-46e6-b7ac-0d5435046a15,2023-07-03
349,1664a92b-6a53-43c0-88e0-aef242e54c73,2023-06-19
350,efb92c5a-a65a-4ce4-8e66-f1c3b48049d3,2023-02-10
351,80862ed3-5024-46e6-b7ac-0d5435046a15,2023-01-17
352,efb92c5a-a65a-4ce4-8e66-f1c3b48049d3,2023-05-23
353,1664a92b-6a53-43c0-88e0-aef242e54c73,2023-05-30
354,efb92c5a-a65a-4ce4-8e66-f1c3b48049d3,2023-03-02
355,1664a92b-6a53-43c0-88e0-aef242e54c73,2023-01-30
356,80862ed3-5024-46e6-b7ac-0d5435046a15,2023-07-19
357,80862ed3-5024-46e6-b7ac-0d5435046a15,2023-03-11
358,80862ed3-5024-46e6-b7ac-0d5435046a15,2023-11-08
359,1664a92b-6a53-43c0-88e0-aef242e54c73,2023-03-10
360,efb92c5a-a65a-4ce4-8e66-f1c3b48049d3,2023-10-07
361,efb92c5a-a65a-4ce4-8e66-f1c3b48049d3,2023-08-07
362,80862ed3-5024-46e6-b7ac-0d5435046a15,2023-07-26
363,80862ed3-5024-46e6-b7ac-0d5435046a15,2023-09-25
364,efb92c5a-a65a-4ce4-8e66-f1c3b48049d3,2023-09-29
365,1664a92b-6a53-43c0-88e0-aef242e54c73,2023-07-01
366,80862ed3-5024-46e6-b7ac-0d5435046a15,2023-10-26
367,efb92c5a-a65a-4ce4-8e66-f1c3b48049d3,2023-03-03
368,80862ed3-5024-46e6-b7ac-0d5435046a15,2023-08-02
369,1664a92b-6a53-43c0-88e0-aef242e54c73,2023-02-19
370,efb92c5a-a65a-4ce4-8e66-f1c3b48049d3,2023-08-13
371,efb92c5a-a65a-4ce4-8e66-f1c3b48049d3,2023-09-26
372,efb92c5a-a65a-4ce4-8e66-f1c3b48049d3,2023-03-26
373,1664a92b-6a53-43c0-88e0-aef242e54c73,2023-09-23
374,efb92c5a-a65a-4ce4-8e66-f1c3b48049d3,2023-01-08
375,1664a92b-6a53-43c0-88e0-aef242e54c73,2023-02-28
376,efb92c5a-a65a-4ce4-8e66-f1c3b48049d3,2023-05-02
377,efb92c5a-a65a-4ce4-8e66-f1c3b48049d3,2023-02-25
378,80862ed3-5024-46e6-b7ac-0d5435046a15,2023-04-21
379,efb92c5a-a65a-4ce4-8e66-f1c3b48049d3,2023-02-10
380,1664a92b-6a53-43c0-88e0-aef242e54c73,2023-11-09
381,1664a92b-6a53-43c0-88e0-aef242e54c73,2023-06-22
382,1664a92b-6a53-43c0-88e0-aef242e54c73,2023-08-29
383,efb92c5a-a65a-4ce4-8e66-f1c3b48049d3,2023-01-19
384,80862ed3-5024-46e6-b7ac-0d5435046a15,2023-11-25
385,80862ed3-5024-46e6-b7ac-0d5435046a15,2023-10-22
386,80862ed3-5024-46e6-b7ac-0d5435046a15,2023-08-05
387,1664a92b-6a53-43c0-88e0-aef242e54c73,2023-01-04
388,80862ed3-5024-46e6-b7ac-0d5435046a15,2023-09-20
389,efb92c5a-a65a-4ce4-8e66-f1c3b48049d3,2023-02-04
390,80862ed3-5024-46e6-b7ac-0d5435046a15,2023-05-22
391,80862ed3-5024-46e6-b7ac-0d5435046a15,2023-01-15
392,1664a92b-6a53-43c0-88e0-aef242e54c73,2023-08-08
393,efb92c5a-a65a-4ce4-8e66-f1c3b48049d3,2023-05-03
394,1664a92b-6a53-43c0-88e0-aef242e54c73,2023-01-28
395,1664a92b-6a53-43c0-88e0-aef242e54c73,2023-01-24
396,efb92c5a-a65a-4ce4-8e66-f1c3b48049d3,2023-11-17
397,efb92c5a-a65a-4ce4-8e66-f1c3b48049d3,2023-07-23
398,1664a92b-6a53-43c0-88e0-aef242e54c73,2023-06-02
399,80862ed3-5024-46e6-b7ac-0d5435046a15,2023-03-01
400,80862ed3-5024-46e6-b7ac-0d5435046a15,2023-02-27
401,efb92c5a-a65a-4ce4-8e66-f1c3b48049d3,2023-06-24
402,efb92c5a-a65a-4ce4-8e66-f1c3b48049d3,2023-01-11
403,1664a92b-6a53-43c0-88e0-aef242e54c73,2023-05-31
404,efb92c5a-a65a-4ce4-8e66-f1c3b48049d3,2023-10-18
405,1664a92b-6a53-43c0-88e0-aef242e54c73,2023-03-14
406,1664a92b-6a53-43c0-88e0-aef242e54c73,2023-01-28
407,efb92c5a-a65a-4ce4-8e66-f1c3b48049d3,2023-10-18
408,1664a92b-6a53-43c0-88e0-aef242e54c73,2023-10-23
409,80862ed3-5024-46e6-b7ac-0d5435046a15,2023-01-10
410,1664a92b-6a53-43c0-88e0-aef242e54c73,2023-11-24
411,1664a92b-6a53-43c0-88e0-aef242e54c73,2023-10-14
412,efb92c5a-a65a-4ce4-8e66-f1c3b48049d3,2023-12-26
413,80862ed3-5024-46e6-b7ac-0d5435046a15,2023-03-04
414,1664a92b-6a53-43c0-88e0-aef242e54c73,2023-04-28
415,1664a92b-6a53-43c0-88e0-aef242e54c73,2023-11-07
416,efb92c5a-a65a-4ce4-8e66-f1c3b48049d3,2023-11-04
417,1664a92b-6a53-43c0-88e0-aef242e54c73,2023-11-30
418,efb92c5a-a65a-4ce4-8e66-f1c3b48049d3,2023-01-18
419,efb92c5a-a65a-4ce4-8e66-f1c3b48049d3,2023-07-27
420,80862ed3-5024-46e6-b7ac-0d5435046a15,2023-02-25
421,1664a92b-6a53-43c0-88e0-aef242e54c73,2023-07-25
422,efb92c5a-a65a-4ce4-8e66-f1c3b48049d3,2023-06-23
423,efb92c5a-a65a-4ce4-8e66-f1c3b48049d3,2023-05-21
424,80862ed3-5024-46e6-b7ac-0d5435046a15,2023-03-13
425,1664a92b-6a53-43c0-88e0-aef242e54c73,2023-01-23
426,80862ed3-5024-46e6-b7ac-0d5435046a15,2023-10-15
427,efb92c5a-a65a-4ce4-8e66-f1c3b48049d3,2023-02-13
428,1664a92b-6a53-43c0-88e0-aef242e54c73,2023-11-12
429,80862ed3-5024-46e6-b7ac-0d5435046a15,2023-07-12
430,1664a92b-6a53-43c0-88e0-aef242e54c73,2023-04-22
431,efb92c5a-a65a-4ce4-8e66-f1c3b48049d3,2023-09-16
432,1664a92b-6a53-43c0-88e0-aef242e54c73,2023-11-28
433,efb92c5a-a65a-4ce4-8e66-f1c3b48049d3,2023-09-24
434,efb92c5a-a65a-4ce4-8e66-f1c3b48049d3,2023-09-06
435,efb92c5a-a65a-4ce4-8e66-f1c3b48049d3,2023-09-29
436,80862ed3-5024-46e6-b7ac-0d5435046a15,2023-02-06
437,1664a92b-6a53-43c0-88e0-aef242e54c73,2023-04-02
438,1664a92b-6a53-43c0-88e0-aef242e54c73,2023-06-18
439,1664a92b-6a53-43c0-88e0-aef242e54c73,2023-08-21
440,1664a92b-6a53-43c0-88e0-aef242e54c73,2023-03-25
441,efb92c5a-a65a-4ce4-8e66-f1c3b48049d3,2023-04-06
442,efb92c5a-a65a-4ce4-8e66-f1c3b48049d3,2023-03-14
443,efb92c5a-a65a-4ce4-8e66-f1c3b48049d3,2023-05-23
444,1664a92b-6a53-43c0-88e0-aef242e54c73,2023-07-29
445,efb92c5a-a65a-4ce4-8e66-f1c3b48049d3,2023-05-20
446,efb92c5a-a65a-4ce4-8e66-f1c3b48049d3,2023-08-06
447,80862ed3-5024-46e6-b7ac-0d5435046a15,2023-05-24
448,efb92c5a-a65a-4ce4-8e66-f1c3b48049d3,2023-03-22
449,80862ed3-5024-46e6-b7ac-0d5435046a15,2023-09-15
450,efb92c5a-a65a-4ce4-8e66-f1c3b48049d3,2023-08-14
451,efb92c5a-a65a-4ce4-8e66-f1c3b48049d3,2023-11-23
452,1664a92b-6a53-43c0-88e0-aef242e54c73,2023-05-29
453,1664a92b-6a53-43c0-88e0-aef242e54c73,2023-08-24
454,1664a92b-6a53-43c0-88e0-aef242e54c73,2023-11-21
455,1664a92b-6a53-43c0-88e0-aef242e54c73,2023-03-31
456,efb92c5a-a65a-4ce4-8e66-f1c3b48049d3,2023-11-24
457,efb92c5a-a65a-4ce4-8e66-f1c3b48049d3,2023-10-16
458,efb92c5a-a65a-4ce4-8e66-f1c3b48049d3,2023-07-15
459,80862ed3-5024-46e6-b7ac-0d5435046a15,2023-06-20
460,1664a92b-6a53-43c0-88e0-aef242e54c73,2023-06-08
461,efb92c5a-a65a-4ce4-8e66-f1c3b48049d3,2023-03-06
462,1664a92b-6a53-43c0-88e0-aef242e54c73,2023-10-21
463,80862ed3-5024-46e6-b7ac-0d5435046a15,2023-01-26
464,80862ed3-5024-46e6-b7ac-0d5435046a15,2023-07-11
465,80862ed3-5024-46e6-b7ac-0d5435046a15,2023-02-11
466,1664a92b-6a53-43c0-88e0-aef242e54c73,2023-03-23
467,80862ed3-5024-46e6-b7ac-0d5435046a15,2023-04-27
468,80862ed3-5024-46e6-b7ac-0d5435046a15,2023-11-02
469,1664a92b-6a53-43c0-88e0-aef242e54c73,2023-05-26
470,efb92c5a-a65a-4ce4-8e66-f1c3b48049d3,2023-05-20
471,1664a92b-6a53-43c0-88e0-aef242e54c73,2023-09-22
472,1664a92b-6a53-43c0-88e0-aef242e54c73,2023-03-28
473,1664a92b-6a53-43c0-88e0-aef242e54c73,2023-04-26
474,1664a92b-6a53-43c0-88e0-aef242e54c73,2023-08-12
475,efb92c5a-a65a-4ce4-8e66-f1c3b48049d3,2023-07-06
476,1664a92b-6a53-43c0-88e0-aef242e54c73,2023-02-04
477,efb92c5a-a65a-4ce4-8e66-f1c3b48049d3,2023-03-08
478,80862ed3-5024-46e6-b7ac-0d5435046a15,2023-01-27
479,80862ed3-5024-46e6-b7ac-0d5435046a15,2023-11-19
480,efb92c5a-a65a-4ce4-8e66-f1c3b48049d3,2023-10-19
481,1664a92b-6a53-43c0-88e0-aef242e54c73,2023-11-15
482,efb92c5a-a65a-4ce4-8e66-f1c3b48049d3,2023-04-11
483,80862ed3-5024-46e6-b7ac-0d5435046a15,2023-09-01
484,80862ed3-5024-46e6-b7ac-0d5435046a15,2023-08-30
485,80862ed3-5024-46e6-b7ac-0d5435046a15,2023-06-03
486,80862ed3-5024-46e6-b7ac-0d5435046a15,2023-11-16
487,efb92c5a-a65a-4ce4-8e66-f1c3b48049d3,2023-12-05
488,80862ed3-5024-46e6-b7ac-0d5435046a15,2023-03-01
489,80862ed3-5024-46e6-b7ac-0d5435046a15,2023-09-29
490,80862ed3-5024-46e6-b7ac-0d5435046a15,2023-11-12
491,1664a92b-6a53-43c0-88e0-aef242e54c73,2023-03-13
492,1664a92b-6a53-43c0-88e0-aef242e54c73,2023-12-21
493,efb92c5a-a65a-4ce4-8e66-f1c3b48049d3,2023-11-06
494,efb92c5a-a65a-4ce4-8e66-f1c3b48049d3,2023-09-12
495,efb92c5a-a65a-4ce4-8e66-f1c3b48049d3,2023-08-04
496,80862ed3-5024-46e6-b7ac-0d5435046a15,2023-02-28
497,efb92c5a-a65a-4ce4-8e66-f1c3b48049d3,2023-08-16
498,efb92c5a-a65a-4ce4-8e66-f1c3b48049d3,2023-05-15
499,80862ed3-5024-46e6-b7ac-0d5435046a15,2023-09-13
500,80862ed3-5024-46e6-b7ac-0d5435046a15,2023-03-24
